# role=DOL_BASELINE	git=776619f88d2d5ce52f09ab956194fd519a41f985	pin=776619f88d2d5ce52f09ab956194fd519a41f985	pin_ok=true
direction	opcode_hex	opcode_dec	name	on_1127_route	version_route	implementing_lib	sender_or_handler	transport	provenance	caer_status	product_consumer	negatives
S2C	0x02	2	InventoryUpdate	yes	PacketLib1127 vtable; layout from PacketLib189 (not generic version support)	PacketLib189	SendInventoryItemsPartialUpdate,SendInventorySlotsUpdateRange	TCP	OPEN_ORACLE:GameServer/packets/Server/PacketLib189.cs	TYPED_DECODE	Drain	malformed payload → ServerEvent::Raw (short-read must fail closed)
S2C	0x03	3	HouseUserPermissions	yes	PacketLib1127 vtable; layout from PacketLib168 (not generic version support)	PacketLib168	SendHouseUsersPermissions	TCP	OPEN_ORACLE:GameServer/packets/Server/PacketLib168.cs	ABSENT	-	-
S2C	0x04	4	CharacterJump	yes	PacketLib1127 vtable; layout from PacketLib168 (not generic version support)	PacketLib168	SendPlayerJump	TCP	OPEN_ORACLE:GameServer/packets/Server/PacketLib168.cs	TYPED_DECODE	-	malformed payload → ServerEvent::Raw (short-read must fail closed)
S2C	0x08	8	HouseEnter	yes	PacketLib1127 vtable; layout from PacketLib189 (not generic version support)	PacketLib189	SendEnterHouse	TCP	OPEN_ORACLE:GameServer/packets/Server/PacketLib189.cs	ABSENT	-	-
S2C	0x09	9	HousingItem	yes	PacketLib1127 vtable; layout from PacketLib1125 (not generic version support)	PacketLib1125	SendFurniture	TCP	OPEN_ORACLE:GameServer/packets/Server/PacketLib1125.cs	ABSENT	-	-
S2C	0x0A	10	HouseExit	yes	PacketLib1127 vtable; layout from PacketLib168 (not generic version support)	PacketLib168	SendExitHouse	TCP	OPEN_ORACLE:GameServer/packets/Server/PacketLib168.cs	ABSENT	-	-
S2C	0x0F	15	HouseTogglePoints	yes	PacketLib1127 vtable; layout from PacketLib168 (not generic version support)	PacketLib168	SendToggleHousePoints	TCP	OPEN_ORACLE:GameServer/packets/Server/PacketLib168.cs	ABSENT	-	-
S2C	0x12	18	MovingObjectCreate	yes	PacketLib1127 vtable; layout from PacketLib168 (not generic version support)	PacketLib168	SendMovingObjectCreate	TCP	OPEN_ORACLE:GameServer/packets/Server/PacketLib168.cs	TYPED_DECODE	-	malformed payload → ServerEvent::Raw (short-read must fail closed)
S2C	0x13	19	MasterLevelWindow	yes	PacketLib1127 vtable; layout from PacketLib190 (not generic version support)	PacketLib190	SendMasterLevelWindow	TCP	OPEN_ORACLE:GameServer/packets/Server/PacketLib190.cs	ABSENT	-	-
S2C	0x15	21	EquipmentUpdate	yes	PacketLib1127 vtable; layout from PacketLib1124 (not generic version support)	PacketLib1124	SendLivingEquipmentUpdate	TCP	OPEN_ORACLE:GameServer/packets/Server/PacketLib1124.cs	TYPED_DECODE	-	malformed payload → ServerEvent::Raw (short-read must fail closed)
S2C	0x16	22	VariousUpdate	yes	PacketLib1127 vtable; layout from PacketLib1126 (not generic version support)	PacketLib1126	CheckLengthHybridSkillsPacket,SendGroupWindowUpdate,SendNonHybridSpellLines,SendUpdateCraftingSkills,SendUpdatePlayer,SendUpdatePlayerSkills,SendUpdateWeaponAndArmorStats	TCP	OPEN_ORACLE:GameServer/packets/Server/PacketLib1112.cs;GameServer/packets/Server/PacketLib1125.cs;GameServer/packets/Server/PacketLib1126.cs;GameServer/packets/Server/PacketLib168.cs;GameServer/packets/Server/PacketLib179.cs;GameServer/packets/Server/PacketLib180.cs	TYPED_DECODE	Drain	malformed payload → ServerEvent::Raw (short-read must fail closed)
S2C	0x17	23	MerchantWindow	yes	PacketLib1127 vtable; layout from PacketLib1125 (not generic version support)	PacketLib1125	SendMerchantWindow	TCP	OPEN_ORACLE:GameServer/packets/Server/PacketLib1125.cs	TYPED_DECODE	-	malformed payload → ServerEvent::Raw (short-read must fail closed)
S2C	0x1B	27	SpellEffectAnimation	yes	PacketLib1127 vtable; layout from PacketLib174 (not generic version support)	PacketLib174	SendSpellEffectAnimation	TCP	OPEN_ORACLE:GameServer/packets/Server/PacketLib174.cs	TYPED_DECODE	Drain	malformed payload → ServerEvent::Raw (short-read must fail closed)
S2C	0x1E	30	ConsignmentMerchantMoney	yes	PacketLib1127 vtable; layout from PacketLib168 (not generic version support)	PacketLib168	SendConsignmentMerchantMoney	TCP	OPEN_ORACLE:GameServer/packets/Server/PacketLib168.cs	TYPED_DECODE	-	malformed payload → ServerEvent::Raw (short-read must fail closed)
S2C	0x1F	31	MarketExplorerWindow	yes	PacketLib1127 vtable; layout from PacketLib1125 (not generic version support)	PacketLib1125	SendMarketExplorerWindow	TCP	OPEN_ORACLE:GameServer/packets/Server/PacketLib1125.cs;GameServer/packets/Server/PacketLib168.cs	TYPED_DECODE	-	malformed payload → ServerEvent::Raw (short-read must fail closed)
S2C	0x20	32	PositionAndObjectID	yes	PacketLib1127 vtable; layout from PacketLib1124 (not generic version support)	PacketLib1124	SendPlayerPositionAndObjectID	TCP	OPEN_ORACLE:GameServer/packets/Server/PacketLib1124.cs	TYPED_DECODE	Drain	malformed payload → ServerEvent::Raw (short-read must fail closed)
S2C	0x21	33	DebugMode	yes	PacketLib1127 vtable; layout from PacketLib168 (not generic version support)	PacketLib168	SendDebugMode	TCP	OPEN_ORACLE:GameServer/packets/Server/PacketLib168.cs	ABSENT	-	-
S2C	0x22	34	CryptKey	yes	PacketLib1127 vtable; layout from PacketLib1126 (not generic version support)	PacketLib1126	SendVersionAndCryptKey	TCP	OPEN_ORACLE:GameServer/packets/Server/PacketLib1126.cs	TYPED_DECODE	Drain	malformed payload → ServerEvent::Raw (short-read must fail closed)
S2C	0x28	40	SessionID	yes	PacketLib1127 vtable; layout from PacketLib168 (not generic version support)	PacketLib168	SendSessionID	TCP	OPEN_ORACLE:GameServer/packets/Server/PacketLib168.cs	TYPED_DECODE	-	malformed payload → ServerEvent::Raw (short-read must fail closed)
S2C	0x29	41	PingReply	yes	PacketLib1127 vtable; layout from PacketLib168 (not generic version support)	PacketLib168	SendPingReply	TCP	OPEN_ORACLE:GameServer/packets/Server/PacketLib168.cs	TYPED_DECODE	-	malformed payload → ServerEvent::Raw (short-read must fail closed)
S2C	0x2A	42	LoginGranted	yes	PacketLib1127 vtable; layout from PacketLib1125 (not generic version support)	PacketLib1125	SendLoginGranted	TCP	OPEN_ORACLE:GameServer/packets/Server/PacketLib1125.cs	TYPED_DECODE	Drain	malformed payload → ServerEvent::Raw (short-read must fail closed)
S2C	0x2B	43	CharacterInitFinished	yes	PacketLib1127 vtable; layout from PacketLib168 (not generic version support)	PacketLib168	SendPlayerInitFinished	TCP	OPEN_ORACLE:GameServer/packets/Server/PacketLib168.cs	TYPED_DECODE	Drain	malformed payload → ServerEvent::Raw (short-read must fail closed)
S2C	0x2C	44	LoginDenied	yes	PacketLib1127 vtable; layout from PacketLib168 (not generic version support)	PacketLib168	SendLoginDenied	TCP	OPEN_ORACLE:GameServer/packets/Server/PacketLib168.cs	TYPED_DECODE	Drain	malformed payload → ServerEvent::Raw (short-read must fail closed)
S2C	0x2D	45	GameOpenReply	yes	PacketLib1127 vtable; layout from PacketLib168 (not generic version support)	PacketLib168	SendGameOpenReply	TCP	OPEN_ORACLE:GameServer/packets/Server/PacketLib168.cs	TYPED_DECODE	-	malformed payload → ServerEvent::Raw (short-read must fail closed)
S2C	0x2F	47	UDPInitReply	yes	PacketLib1127 vtable; layout from PacketLib1125 (not generic version support)	PacketLib1125	SendUDPInitReply	UDP	OPEN_ORACLE:GameServer/packets/Server/PacketLib1125.cs	TYPED_DECODE	Drain	malformed payload → ServerEvent::Raw (short-read must fail closed)
S2C	0x45	69	MinotaurRelicMapRemove	yes	PacketLib1127 vtable; layout from PacketLib186 (not generic version support)	PacketLib186	SendMinotaurRelicMapRemove	TCP	OPEN_ORACLE:GameServer/packets/Server/PacketLib186.cs	ABSENT	-	-
S2C	0x46	70	MinotaurRelicMapUpdate	yes	PacketLib1127 vtable; layout from PacketLib186 (not generic version support)	PacketLib186	SendMinotaurRelicMapUpdate	TCP	OPEN_ORACLE:GameServer/packets/Server/PacketLib186.cs	ABSENT	-	-
S2C	0x49	73	WarMapClaimedKeeps	yes	PacketLib1127 vtable; layout from PacketLib1115 (not generic version support)	PacketLib1115	SendWarmapUpdate	TCP	OPEN_ORACLE:GameServer/packets/Server/PacketLib1115.cs	ABSENT	-	-
S2C	0x4A	74	WarMapDetailUpdate	yes	PacketLib1127 vtable; layout from PacketLib170 (not generic version support)	PacketLib170	SendWarmapDetailUpdate	TCP	OPEN_ORACLE:GameServer/packets/Server/PacketLib170.cs	ABSENT	-	-
S2C	0x4B	75	PlayerCreate	yes	PacketLib1127 vtable; layout from PacketLib1124 (not generic version support)	PacketLib1124	SendPlayerCreate	TCP	OPEN_ORACLE:GameServer/packets/Server/PacketLib1124.cs	TYPED_DECODE	-	malformed payload → ServerEvent::Raw (short-read must fail closed)
S2C	0x4C	76	VisualEffect	yes	PacketLib1127 vtable; layout from PacketLib193 (not generic version support)	PacketLib193	SendBlinkPanel,SendHexEffect,SendMinotaurRelicBarUpdate,SendMinotaurRelicWindow,SendNPCsQuestEffect,SendPlayerFreeLevelUpdate,SendPlayerTitleUpdate,SendRegionColorScheme,SendRvRGuildBanner,SendVampireEffect,SendWarlockChamberEffect	TCP	OPEN_ORACLE:GameServer/packets/Server/PacketLib171.cs;GameServer/packets/Server/PacketLib173.cs;GameServer/packets/Server/PacketLib174.cs;GameServer/packets/Server/PacketLib175.cs;GameServer/packets/Server/PacketLib176.cs;GameServer/packets/Server/PacketLib186.cs;GameServer/packets/Server/PacketLib193.cs	ABSENT	-	method body still calls base.*; inherited layout is the most-derived override, not a generic multi-version encoder
S2C	0x4E	78	ControlledHorse	yes	PacketLib1127 vtable; layout from PacketLib180 (not generic version support)	PacketLib180	SendControlledHorse,SendSetControlledHorse	TCP	OPEN_ORACLE:GameServer/packets/Server/PacketLib180.cs	TYPED_DECODE	-	malformed payload → ServerEvent::Raw (short-read must fail closed)
S2C	0x5C	92	XFire	yes	PacketLib1127 vtable; layout from PacketLib188 (not generic version support)	PacketLib188	SendXFireInfo	TCP	OPEN_ORACLE:GameServer/packets/Server/PacketLib188.cs	ABSENT	-	-
S2C	0x61	97	KeepComponentInteractResponse	yes	PacketLib1127 vtable; layout from PacketLib170 (not generic version support)	PacketLib170	SendKeepComponentInteract	TCP	OPEN_ORACLE:GameServer/packets/Server/PacketLib170.cs	ABSENT	-	-
S2C	0x62	98	KeepClaim	yes	PacketLib1127 vtable; layout from PacketLib170 (not generic version support)	PacketLib170	SendKeepClaim	TCP	OPEN_ORACLE:GameServer/packets/Server/PacketLib170.cs	ABSENT	-	-
S2C	0x63	99	KeepComponentHookpointStore	yes	PacketLib1127 vtable; layout from PacketLib170 (not generic version support)	PacketLib170	SendHookPointStore	TCP	OPEN_ORACLE:GameServer/packets/Server/PacketLib170.cs	ABSENT	-	-
S2C	0x65	101	KeepComponentHookpointUpdate	yes	PacketLib1127 vtable; layout from PacketLib170 (not generic version support)	PacketLib170	SendClearKeepComponentHookPoint,SendKeepComponentHookPoint	TCP	OPEN_ORACLE:GameServer/packets/Server/PacketLib170.cs	ABSENT	-	-
S2C	0x66	102	WarmapBonuses	yes	PacketLib1127 vtable; layout from PacketLib174 (not generic version support)	PacketLib174	SendWarmapBonuses	TCP	OPEN_ORACLE:GameServer/packets/Server/PacketLib174.cs	ABSENT	-	-
S2C	0x67	103	KeepComponentUpdate	yes	PacketLib1127 vtable; layout from PacketLib170 (not generic version support)	PacketLib170	SendKeepComponentUpdate	TCP	OPEN_ORACLE:GameServer/packets/Server/PacketLib170.cs	ABSENT	-	-
S2C	0x69	105	KeepInfo	yes	PacketLib1127 vtable; layout from PacketLib1124 (not generic version support)	PacketLib1124	SendKeepInfo	TCP	OPEN_ORACLE:GameServer/packets/Server/PacketLib1124.cs	ABSENT	-	-
S2C	0x6A	106	KeepRealmUpdate	yes	PacketLib1127 vtable; layout from PacketLib170 (not generic version support)	PacketLib170	SendKeepRealmUpdate	TCP	OPEN_ORACLE:GameServer/packets/Server/PacketLib170.cs	ABSENT	-	-
S2C	0x6B	107	KeepRemove	yes	PacketLib1127 vtable; layout from PacketLib170 (not generic version support)	PacketLib170	SendKeepRemove	TCP	OPEN_ORACLE:GameServer/packets/Server/PacketLib170.cs	ABSENT	-	-
S2C	0x6C	108	KeepComponentInfo	yes	PacketLib1127 vtable; layout from PacketLib170 (not generic version support)	PacketLib170	SendKeepComponentInfo	TCP	OPEN_ORACLE:GameServer/packets/Server/PacketLib170.cs	ABSENT	-	-
S2C	0x6D	109	KeepComponentDetailUpdate	yes	PacketLib1127 vtable; layout from PacketLib170 (not generic version support)	PacketLib170	SendKeepComponentDetailUpdate	TCP	OPEN_ORACLE:GameServer/packets/Server/PacketLib170.cs	ABSENT	-	-
S2C	0x6E	110	KeepComponentRemove	yes	PacketLib1127 vtable; layout from PacketLib170 (not generic version support)	PacketLib170	SendKeepComponentRemove	TCP	OPEN_ORACLE:GameServer/packets/Server/PacketLib170.cs	ABSENT	-	-
S2C	0x70	112	GroupMemberUpdate	yes	PacketLib1127 vtable; layout from PacketLib168 (not generic version support)	PacketLib168	SendGroupMemberUpdate,SendGroupMembersUpdate	TCP	OPEN_ORACLE:GameServer/packets/Server/PacketLib168.cs	TYPED_DECODE	Drain	malformed payload → ServerEvent::Raw (short-read must fail closed)
S2C	0x72	114	SpellCastAnimation	yes	PacketLib1127 vtable; layout from PacketLib168 (not generic version support)	PacketLib168	SendSpellCastAnimation	TCP	OPEN_ORACLE:GameServer/packets/Server/PacketLib168.cs	TYPED_DECODE	Drain	malformed payload → ServerEvent::Raw (short-read must fail closed)
S2C	0x73	115	InterruptSpellCast	yes	PacketLib1127 vtable; layout from PacketLib168 (not generic version support)	PacketLib168	SendInterruptAnimation	TCP	OPEN_ORACLE:GameServer/packets/Server/PacketLib168.cs	TYPED_DECODE	-	malformed payload → ServerEvent::Raw (short-read must fail closed)
S2C	0x74	116	AttackMode	yes	PacketLib1127 vtable; layout from PacketLib168 (not generic version support)	PacketLib168	SendAttackMode	TCP	OPEN_ORACLE:GameServer/packets/Server/PacketLib168.cs	TYPED_DECODE	Drain	malformed payload → ServerEvent::Raw (short-read must fail closed)
S2C	0x75	117	ConcentrationList	yes	PacketLib1127 vtable; layout from PacketLib191 (not generic version support)	PacketLib191	SendConcentrationList	TCP	OPEN_ORACLE:GameServer/packets/Server/PacketLib191.cs	TYPED_DECODE	-	malformed payload → ServerEvent::Raw (short-read must fail closed)
S2C	0x7B	123	TrainerWindow	yes	PacketLib1127 vtable; layout from PacketLib1105 (not generic version support)	PacketLib1105	SendChampionTrainerWindow,SendCustomTrainerWindow,SendTrainerWindow	TCP	OPEN_ORACLE:GameServer/packets/Server/PacketLib1105.cs;GameServer/packets/Server/PacketLib168.cs	TYPED_DECODE	-	malformed payload → ServerEvent::Raw (short-read must fail closed)
S2C	0x7E	126	Time	yes	PacketLib1127 vtable; layout from PacketLib168 (not generic version support)	PacketLib168	SendTime	TCP	OPEN_ORACLE:GameServer/packets/Server/PacketLib168.cs	ABSENT	-	-
S2C	0x7F	127	UpdateIcons	yes	PacketLib1127 vtable; layout from PacketLib1110 (not generic version support)	PacketLib1110	SendUpdateIcons	TCP	OPEN_ORACLE:GameServer/packets/Server/PacketLib1110.cs	TYPED_DECODE	-	malformed payload → ServerEvent::Raw (short-read must fail closed)
S2C	0x81	129	Dialog	yes	PacketLib1127 vtable; layout from PacketLib194 (not generic version support)	PacketLib194	SendCustomDialog,SendDialogBox,SendGroupInviteCommand,SendGuildInviteCommand,SendGuildLeaveCommand,SendHousePayRentDialog,SendQuestAbortCommand,SendQuestSubscribeCommand,SendQuestWindow	TCP	OPEN_ORACLE:GameServer/packets/Server/PacketLib168.cs;GameServer/packets/Server/PacketLib194.cs	TYPED_DECODE	Drain	malformed payload → ServerEvent::Raw (short-read must fail closed)
S2C	0x83	131	QuestEntry	yes	PacketLib1127 vtable; layout from PacketLib1124 (not generic version support)	PacketLib1124	SendQuestPacket,SendTaskInfo	TCP	OPEN_ORACLE:GameServer/packets/Server/PacketLib1124.cs;GameServer/packets/Server/PacketLib184.cs	TYPED_DECODE	Drain	malformed payload → ServerEvent::Raw (short-read must fail closed)
S2C	0x86	134	FindGroupUpdate	yes	PacketLib1127 vtable; layout from PacketLib176 (not generic version support)	PacketLib176	SendCrash,SendFindGroupWindowUpdate	TCP	OPEN_ORACLE:GameServer/packets/Server/PacketLib168.cs;GameServer/packets/Server/PacketLib176.cs	TYPED_DECODE	-	malformed payload → ServerEvent::Raw (short-read must fail closed)
S2C	0x88	136	PetWindow	yes	PacketLib1127 vtable; layout from PacketLib181 (not generic version support)	PacketLib181	SendPetWindow	TCP	OPEN_ORACLE:GameServer/packets/Server/PacketLib181.cs	TYPED_DECODE	-	malformed payload → ServerEvent::Raw (short-read must fail closed)
S2C	0x89	137	PlayerRevive	yes	PacketLib1127 vtable; layout from PacketLib168 (not generic version support)	PacketLib168	SendPlayerRevive	TCP	OPEN_ORACLE:GameServer/packets/Server/PacketLib168.cs	TYPED_DECODE	-	malformed payload → ServerEvent::Raw (short-read must fail closed)
S2C	0x8D	141	PlayerModelTypeChange	yes	PacketLib1127 vtable; layout from PacketLib168 (not generic version support)	PacketLib168	SendPlayerModelTypeChange	TCP	OPEN_ORACLE:GameServer/packets/Server/PacketLib168.cs	TYPED_DECODE	-	malformed payload → ServerEvent::Raw (short-read must fail closed)
S2C	0x91	145	CharacterPointsUpdate	yes	PacketLib1127 vtable; layout from PacketLib190 (not generic version support)	PacketLib190	SendUpdatePoints	TCP	OPEN_ORACLE:GameServer/packets/Server/PacketLib190.cs	TYPED_DECODE	-	malformed payload → ServerEvent::Raw (short-read must fail closed)
S2C	0x92	146	Weather	yes	PacketLib1127 vtable; layout from PacketLib168 (not generic version support)	PacketLib168	SendWeather	TCP	OPEN_ORACLE:GameServer/packets/Server/PacketLib168.cs	ABSENT	-	-
S2C	0x99	153	DoorState	yes	PacketLib1127 vtable; layout from PacketLib168 (not generic version support)	PacketLib168	SendDoorState	TCP	OPEN_ORACLE:GameServer/packets/Server/PacketLib168.cs	TYPED_DECODE	-	malformed payload → ServerEvent::Raw (short-read must fail closed)
S2C	0xA1	161	ObjectUpdate	yes	PacketLib1127 vtable; layout from PacketLib168 (not generic version support)	PacketLib168	SendObjectUpdate	UDP	OPEN_ORACLE:GameServer/packets/Server/PacketLib168.cs	TYPED_DECODE	-	malformed payload → ServerEvent::Raw (short-read must fail closed)
S2C	0xA2	162	RemoveObject	yes	PacketLib1127 vtable; layout from PacketLib168 (not generic version support)	PacketLib168	SendObjectRemove	TCP	OPEN_ORACLE:GameServer/packets/Server/PacketLib168.cs	TYPED_DECODE	Drain	malformed payload → ServerEvent::Raw (short-read must fail closed)
S2C	0xA4	164	Quit	yes	PacketLib1127 vtable; layout from PacketLib168 (not generic version support)	PacketLib168	SendPlayerQuit	TCP	OPEN_ORACLE:GameServer/packets/Server/PacketLib168.cs	TYPED_DECODE	Drain	malformed payload → ServerEvent::Raw (short-read must fail closed)
S2C	0xAD	173	CharacterStatusUpdate	yes	PacketLib1127 vtable; layout from PacketLib190 (not generic version support)	PacketLib190	SendStatusUpdate	TCP	OPEN_ORACLE:GameServer/packets/Server/PacketLib190.cs	TYPED_DECODE	-	malformed payload → ServerEvent::Raw (short-read must fail closed)
S2C	0xAE	174	PlayerDeath	yes	PacketLib1127 vtable; layout from PacketLib168 (not generic version support)	PacketLib168	SendPlayerDied	TCP	OPEN_ORACLE:GameServer/packets/Server/PacketLib168.cs	TYPED_DECODE	-	malformed payload → ServerEvent::Raw (short-read must fail closed)
S2C	0xAF	175	Message	yes	PacketLib1127 vtable; layout from PacketLib1127 (not generic version support)	PacketLib1127	SendMessage	TCP	OPEN_ORACLE:GameServer/packets/Server/PacketLib1127.cs	TYPED_DECODE	Drain	malformed payload → ServerEvent::Raw (short-read must fail closed); 1.127 SendMessage is type-prefixed C-string without 168 location byte; char-screen suppressed
S2C	0xB1	177	RegionServer	yes	PacketLib1127 vtable; layout from PacketLib1126 (not generic version support)	PacketLib1126	SendRegions	TCP	OPEN_ORACLE:GameServer/packets/Server/PacketLib1126.cs	TYPED_DECODE	Drain	malformed payload → ServerEvent::Raw (short-read must fail closed)
S2C	0xB6	182	MaxSpeed	yes	PacketLib1127 vtable; layout from PacketLib168 (not generic version support)	PacketLib168	SendUpdateMaxSpeed	TCP	OPEN_ORACLE:GameServer/packets/Server/PacketLib168.cs	TYPED_DECODE	Drain	malformed payload → ServerEvent::Raw (short-read must fail closed)
S2C	0xB7	183	RegionChanged	yes	PacketLib1127 vtable; layout from PacketLib174 (not generic version support)	PacketLib174	SendRegionChanged	TCP	OPEN_ORACLE:GameServer/packets/Server/PacketLib174.cs	TYPED_DECODE	Drain	malformed payload → ServerEvent::Raw (short-read must fail closed)
S2C	0xBC	188	CombatAnimation	yes	PacketLib1127 vtable; layout from PacketLib186 (not generic version support)	PacketLib186	SendCombatAnimation	TCP	OPEN_ORACLE:GameServer/packets/Server/PacketLib186.cs	TYPED_DECODE	Drain	malformed payload → ServerEvent::Raw (short-read must fail closed)
S2C	0xBD	189	Encumberance	yes	PacketLib1127 vtable; layout from PacketLib168 (not generic version support)	PacketLib168	SendEncumberance	TCP	OPEN_ORACLE:GameServer/packets/Server/PacketLib168.cs	TYPED_DECODE	-	malformed payload → ServerEvent::Raw (short-read must fail closed)
S2C	0xC3	195	BadNameCheckReply	yes	PacketLib1127 vtable; layout from PacketLib168 (not generic version support)	PacketLib168	SendBadNameCheckReply	TCP	OPEN_ORACLE:GameServer/packets/Server/PacketLib168.cs	TYPED_DECODE	Drain	malformed payload → ServerEvent::Raw (short-read must fail closed)
S2C	0xC4	196	DetailWindow	yes	PacketLib1127 vtable; layout from PacketLib1113 (not generic version support)	PacketLib1113	SendCustomTextWindow,SendPlayerTitles	TCP	OPEN_ORACLE:GameServer/packets/Server/PacketLib1113.cs;GameServer/packets/Server/PacketLib181.cs	ABSENT	-	-
S2C	0xC5	197	AddFriend	yes	PacketLib1127 vtable; layout from PacketLib1126 (not generic version support)	PacketLib1126	SendAddFriends	TCP	OPEN_ORACLE:GameServer/packets/Server/PacketLib1126.cs	ABSENT	-	-
S2C	0xC6	198	RemoveFriend	yes	PacketLib1127 vtable; layout from PacketLib1126 (not generic version support)	PacketLib1126	SendRemoveFriends	TCP	OPEN_ORACLE:GameServer/packets/Server/PacketLib1126.cs	ABSENT	-	-
S2C	0xC8	200	Riding	yes	PacketLib1127 vtable; layout from PacketLib168 (not generic version support)	PacketLib168	SendRiding	TCP	OPEN_ORACLE:GameServer/packets/Server/PacketLib168.cs	TYPED_DECODE	-	malformed payload → ServerEvent::Raw (short-read must fail closed)
S2C	0xC9	201	SoundEffect	yes	PacketLib1127 vtable; layout from PacketLib168 (not generic version support)	PacketLib168	SendSoundEffect	TCP	OPEN_ORACLE:GameServer/packets/Server/PacketLib168.cs	TYPED_DECODE	-	malformed payload → ServerEvent::Raw (short-read must fail closed)
S2C	0xCC	204	DupNameCheckReply	yes	PacketLib1127 vtable; layout from PacketLib1126 (not generic version support)	PacketLib1126	SendDupNameCheckReply	TCP	OPEN_ORACLE:GameServer/packets/Server/PacketLib1126.cs	TYPED_DECODE	Drain	malformed payload → ServerEvent::Raw (short-read must fail closed)
S2C	0xD0	208	CheckLosRequest	yes	PacketLib1127 vtable; layout from PacketLib168 (not generic version support)	PacketLib168	SendCheckLOS	TCP	OPEN_ORACLE:GameServer/packets/Server/PacketLib168.cs	TYPED_DECODE	Drain	malformed payload → ServerEvent::Raw (short-read must fail closed)
S2C	0xD1	209	HouseCreate	yes	PacketLib1127 vtable; layout from PacketLib189 (not generic version support)	PacketLib189	SendHouse,SendRemoveHouse	TCP	OPEN_ORACLE:GameServer/packets/Server/PacketLib168.cs;GameServer/packets/Server/PacketLib189.cs	ABSENT	-	-
S2C	0xD2	210	HouseChangeGarden	yes	PacketLib1127 vtable; layout from PacketLib189 (not generic version support)	PacketLib189	SendGarden,SendHouseOccupied	TCP	OPEN_ORACLE:GameServer/packets/Server/PacketLib189.cs	ABSENT	-	-
S2C	0xD3	211	PlaySound	yes	PacketLib1127 vtable; layout from PacketLib168 (not generic version support)	PacketLib168	SendPlaySound	TCP	OPEN_ORACLE:GameServer/packets/Server/PacketLib168.cs	TYPED_DECODE	-	malformed payload → ServerEvent::Raw (short-read must fail closed)
S2C	0xD6	214	DisableSkills	yes	PacketLib1127 vtable; layout from PacketLib168 (not generic version support)	PacketLib168	SendDisableSkill	TCP	OPEN_ORACLE:GameServer/packets/Server/PacketLib168.cs	TYPED_DECODE	-	malformed payload → ServerEvent::Raw (short-read must fail closed)
S2C	0xD8	216	DelveInfo	yes	PacketLib1127 vtable; layout from PacketLib1110 (not generic version support)	PacketLib1110	SendDelveInfo	TCP	OPEN_ORACLE:GameServer/packets/Server/PacketLib1110.cs	TYPED_DECODE	Drain	malformed payload → ServerEvent::Raw (short-read must fail closed)
S2C	0xD9	217	ObjectCreate	yes	PacketLib1127 vtable; layout from PacketLib176 (not generic version support)	PacketLib176	SendObjectCreate	TCP	OPEN_ORACLE:GameServer/packets/Server/PacketLib176.cs	TYPED_DECODE	-	malformed payload → ServerEvent::Raw (short-read must fail closed)
S2C	0xDA	218	NPCCreate	yes	PacketLib1127 vtable; layout from PacketLib1124 (not generic version support)	PacketLib1124	SendNPCCreate	TCP	OPEN_ORACLE:GameServer/packets/Server/PacketLib1124.cs	TYPED_DECODE	-	malformed payload → ServerEvent::Raw (short-read must fail closed)
S2C	0xDB	219	ModelChange	yes	PacketLib1127 vtable; layout from PacketLib168 (not generic version support)	PacketLib168	SendModelAndSizeChange	TCP	OPEN_ORACLE:GameServer/packets/Server/PacketLib168.cs	TYPED_DECODE	-	malformed payload → ServerEvent::Raw (short-read must fail closed)
S2C	0xDE	222	ObjectGuildID	yes	PacketLib1127 vtable; layout from PacketLib168 (not generic version support)	PacketLib168	SendObjectGuildID	TCP	OPEN_ORACLE:GameServer/packets/Server/PacketLib168.cs	TYPED_DECODE	-	malformed payload → ServerEvent::Raw (short-read must fail closed)
S2C	0xDF	223	ChangeGroundTarget	yes	PacketLib1127 vtable; layout from PacketLib168 (not generic version support)	PacketLib168	SendChangeGroundTarget	TCP	OPEN_ORACLE:GameServer/packets/Server/PacketLib168.cs	TYPED_DECODE	-	malformed payload → ServerEvent::Raw (short-read must fail closed)
S2C	0xE1	225	ObjectDelete	yes	PacketLib1127 vtable; layout from PacketLib168 (not generic version support)	PacketLib168	SendObjectDelete	TCP	OPEN_ORACLE:GameServer/packets/Server/PacketLib168.cs	TYPED_DECODE	Drain	malformed payload → ServerEvent::Raw (short-read must fail closed)
S2C	0xE2	226	EmblemDialogue	yes	PacketLib1127 vtable; layout from PacketLib168 (not generic version support)	PacketLib168	SendEmblemDialogue	TCP	OPEN_ORACLE:GameServer/packets/Server/PacketLib168.cs	TYPED_DECODE	-	malformed payload → ServerEvent::Raw (short-read must fail closed)
S2C	0xE3	227	SiegeWeaponAnimation	yes	PacketLib1127 vtable; layout from PacketLib1124 (not generic version support)	PacketLib1124	SendSiegeWeaponAnimation,SendSiegeWeaponFireAnimation	TCP	OPEN_ORACLE:GameServer/packets/Server/PacketLib1110.cs;GameServer/packets/Server/PacketLib1124.cs	TYPED_DECODE	-	malformed payload → ServerEvent::Raw (short-read must fail closed)
S2C	0xEA	234	TradeWindow	yes	PacketLib1127 vtable; layout from PacketLib1109 (not generic version support)	PacketLib1109	SendCloseTradeWindow,SendTradeWindow	TCP	OPEN_ORACLE:GameServer/packets/Server/PacketLib1109.cs;GameServer/packets/Server/PacketLib168.cs	TYPED_DECODE	Drain	malformed payload → ServerEvent::Raw (short-read must fail closed)
S2C	0xEE	238	ObjectDataUpdate	yes	PacketLib1127 vtable; layout from PacketLib171 (not generic version support)	PacketLib171	SendLivingDataUpdate	TCP	OPEN_ORACLE:GameServer/packets/Server/PacketLib171.cs	TYPED_DECODE	-	malformed payload → ServerEvent::Raw (short-read must fail closed)
S2C	0xEF	239	RegionSound	yes	PacketLib1127 vtable; layout from PacketLib168 (not generic version support)	PacketLib168	SendLevelUpSound,SendRegionEnterSound	TCP	OPEN_ORACLE:GameServer/packets/Server/PacketLib168.cs	ABSENT	-	-
S2C	0xF0	240	CharacterCreateReply	yes	PacketLib1127 vtable; layout from PacketLib168 (not generic version support)	PacketLib168	SendCharCreateReply	TCP	OPEN_ORACLE:GameServer/packets/Server/PacketLib168.cs	TYPED_DECODE	Drain	malformed payload → ServerEvent::Raw (short-read must fail closed)
S2C	0xF3	243	TimerWindow	yes	PacketLib1127 vtable; layout from PacketLib168 (not generic version support)	PacketLib168	SendCloseTimerWindow,SendTimerWindow	TCP	OPEN_ORACLE:GameServer/packets/Server/PacketLib168.cs	TYPED_DECODE	-	malformed payload → ServerEvent::Raw (short-read must fail closed)
S2C	0xF5	245	SiegeWeaponInterface	yes	PacketLib1127 vtable; layout from PacketLib1124 (not generic version support)	PacketLib1124	SendSiegeWeaponCloseInterface,SendSiegeWeaponInterface	TCP	OPEN_ORACLE:GameServer/packets/Server/PacketLib1124.cs;GameServer/packets/Server/PacketLib168.cs	TYPED_DECODE	-	malformed payload → ServerEvent::Raw (short-read must fail closed)
S2C	0xF6	246	ChangeTarget	yes	PacketLib1127 vtable; layout from PacketLib168 (not generic version support)	PacketLib168	SendChangeTarget	TCP	OPEN_ORACLE:GameServer/packets/Server/PacketLib168.cs	TYPED_DECODE	Drain	malformed payload → ServerEvent::Raw (short-read must fail closed)
S2C	0xF7	247	HelpWindow	yes	PacketLib1127 vtable; layout from PacketLib168 (not generic version support)	PacketLib168	SendRentReminder,SendStarterHelp	TCP	OPEN_ORACLE:GameServer/packets/Server/PacketLib168.cs	ABSENT	-	-
S2C	0xF9	249	EmoteAnimation	yes	PacketLib1127 vtable; layout from PacketLib168 (not generic version support)	PacketLib168	SendEmoteAnimation	TCP	OPEN_ORACLE:GameServer/packets/Server/PacketLib168.cs	TYPED_DECODE	-	malformed payload → ServerEvent::Raw (short-read must fail closed)
S2C	0xFA	250	MoneyUpdate	yes	PacketLib1127 vtable; layout from PacketLib168 (not generic version support)	PacketLib168	SendUpdateMoney	TCP	OPEN_ORACLE:GameServer/packets/Server/PacketLib168.cs	TYPED_DECODE	Drain	malformed payload → ServerEvent::Raw (short-read must fail closed)
S2C	0xFB	251	StatsUpdate	yes	PacketLib1127 vtable; layout from PacketLib175 (not generic version support)	PacketLib175	SendCharResistsUpdate,SendCharStatsUpdate	TCP	OPEN_ORACLE:GameServer/packets/Server/PacketLib175.cs	TYPED_DECODE	-	malformed payload → ServerEvent::Raw (short-read must fail closed)
S2C	0xFC	252	CharacterOverview	yes	PacketLib1127 vtable; layout from PacketLib1126 (not generic version support)	PacketLib1126	SendCharacterOverview	TCP	OPEN_ORACLE:GameServer/packets/Server/PacketLib1126.cs	TYPED_DECODE	Drain	malformed payload → ServerEvent::Raw (short-read must fail closed)
S2C	0xFE	254	Realm	yes	PacketLib1127 vtable; layout from PacketLib1125 (not generic version support)	PacketLib1125	SendRealm	TCP	OPEN_ORACLE:GameServer/packets/Server/PacketLib1125.cs	TYPED_DECODE	Drain	malformed payload → ServerEvent::Raw (short-read must fail closed)
S2C	0x05	5	HousingPermissions	no	not on PacketLib1127 vtable	-	-	-	OPEN_ORACLE:GameServer/packets/Server/IPacketLib.cs	ABSENT	-	eServerPackets name not written by any surviving PacketLib1127 vtable method.
S2C	0x18	24	HouseDecorationRotate	no	not on PacketLib1127 vtable	-	-	-	OPEN_ORACLE:GameServer/packets/Server/IPacketLib.cs	ABSENT	-	eServerPackets name not written by any surviving PacketLib1127 vtable method.
S2C	0x59	89	MinotaurRelicRealm	no	not on PacketLib1127 vtable	-	-	-	OPEN_ORACLE:GameServer/packets/Server/IPacketLib.cs	ABSENT	-	eServerPackets name not written by any surviving PacketLib1127 vtable method.
S2C	0x9E	158	ClientRegions	no	not on PacketLib1127 vtable	-	-	-	OPEN_ORACLE:GameServer/packets/Server/IPacketLib.cs	ABSENT	-	PacketLib168/173 SendRegions used ClientRegions 0x9E; 1.127 vtable is PacketLib1124/1126 SendRegions → ClientRegion 0xB1.
S2C	0xA9	169	PlayerPosition	no	not on PacketLib1127 vtable	-	-	-	OPEN_ORACLE:GameServer/packets/Server/IPacketLib.cs	CODED_BUT_NOT_1127_VTABLE	-	PacketLib1124.SendPlayerForgedPosition is a no-op on 1.124+ (`doesn't work in 1.124+`). Not 1.127 wire.
S2C	0xBA	186	PlayerHeading	no	not on PacketLib1127 vtable	-	-	-	OPEN_ORACLE:GameServer/packets/Server/IPacketLib.cs	ABSENT	-	eServerPackets name not written by any surviving PacketLib1127 vtable method.
S2C	0xD4	212	PlayerCreate	no	not on PacketLib1127 vtable	-	-	-	OPEN_ORACLE:GameServer/packets/Server/IPacketLib.cs	ABSENT	-	PacketLib168.SendPlayerCreate uses 0xD4; 1.127 vtable override is PacketLib1124.SendPlayerCreate → PlayerCreate172 0x4B. Not 1.127 wire.
S2C	0xFD	253	CharacterOverview	no	not on PacketLib1127 vtable	-	-	-	OPEN_ORACLE:GameServer/packets/Server/IPacketLib.cs	ABSENT	-	PacketLib168/173 SendCharacterOverview uses 0xFD; 1.127 vtable is PacketLib1126 → CharacterOverview1126 0xFC. Not 1.127 wire.
C2S	0x00	0	HouseMenuRequest	yes	v168 handler; inner gates mention 1127	Client/v168	HousingMenuRequestHandler	TCP	OPEN_ORACLE:GameServer/packets/Client/168/HousingMenuRequestHandler.cs	ABSENT	-	-
C2S	0x01	1	HouseEdit	yes	v168 handler loaded for all versions including 1.127 (no inner version gate)	Client/v168	HouseEditHandler	TCP	OPEN_ORACLE:GameServer/packets/Client/168/HouseEditHandler.cs	ABSENT	-	-
C2S	0x03	3	HouseUserPermissionRequest	yes	v168 handler loaded for all versions including 1.127 (no inner version gate)	Client/v168	HouseUsersPermissionsRequestHandler	TCP	OPEN_ORACLE:GameServer/packets/Client/168/HouseUsersPermissionsRequestHandler.cs	ABSENT	-	-
C2S	0x05	5	HousePermissionRequest	yes	v168 handler loaded for all versions including 1.127 (no inner version gate)	Client/v168	HousePermissionsRequestHandler	TCP	OPEN_ORACLE:GameServer/packets/Client/168/HousePermissionsRequestHandler.cs	ABSENT	-	-
C2S	0x06	6	HouseUserPermissionSet	yes	v168 handler loaded for all versions including 1.127 (no inner version gate)	Client/v168	HouseUsersPermissionsSetHandler	TCP	OPEN_ORACLE:GameServer/packets/Client/168/HouseUsersPermissionsSetHandler.cs	ABSENT	-	-
C2S	0x07	7	HousePermissionSet	yes	v168 handler loaded for all versions including 1.127 (no inner version gate)	Client/v168	HousePermissionsSetHandler	TCP	OPEN_ORACLE:GameServer/packets/Client/168/HousePermissionsSetHandler.cs	ABSENT	-	-
C2S	0x0B	11	HouseEnterLeave	yes	v168 handler loaded for all versions including 1.127 (no inner version gate)	Client/v168	HouseEnterLeaveHandler	TCP	OPEN_ORACLE:GameServer/packets/Client/168/HouseEnterLeaveRequestHandler.cs	ABSENT	-	-
C2S	0x0C	12	HousePlaceItem	yes	v168 handler loaded for all versions including 1.127 (no inner version gate)	Client/v168	HousingPlaceItemHandler	TCP	OPEN_ORACLE:GameServer/packets/Client/168/HousingPlaceItemHandler.cs	ABSENT	-	-
C2S	0x0D	13	PlayerPickupHouseItem	yes	v168 handler; inner gates mention 1125	Client/v168	HousingPickupItemHandler	TCP	OPEN_ORACLE:GameServer/packets/Client/168/HousingPickupItemHandler.cs	ABSENT	-	-
C2S	0x0E	14	HouseDecorationRotate	yes	v168 handler loaded for all versions including 1.127 (no inner version gate)	Client/v168	HousingDecorationRotateHandler	TCP	OPEN_ORACLE:GameServer/packets/Client/168/HousingDecorationRotate.cs	ABSENT	-	-
C2S	0x10	16	CharacterSelectRequest	yes	v168 handler; inner gates mention 1126,1125,173,171	Client/v168	CharacterSelectRequestHandler	TCP	OPEN_ORACLE:GameServer/packets/Client/168/CharacterSelectRequestHandler.cs	TYPED_ENCODE	-	unread Skip() fields are not 1.127 contract unless an external peer depends on them
C2S	0x11	17	MarketSearchRequest	yes	v168 handler loaded for all versions including 1.127 (no inner version gate)	Client/v168	PlayerMarketSearchRequestHandler	TCP	OPEN_ORACLE:GameServer/packets/Client/168/PlayerMarketSearchRequestHandler.cs	ABSENT	-	unread Skip() fields are not 1.127 contract unless an external peer depends on them
C2S	0x14	20	UDPInitRequest	yes	v168 handler; inner gates mention 1124	Client/v168	UDPInitRequestHandler	UDP	OPEN_ORACLE:GameServer/packets/Client/168/UDPInitRequestHandler.cs	TYPED_ENCODE	-	-
C2S	0x18	24	HouseDecorationRequest	yes	v168 handler loaded for all versions including 1.127 (no inner version gate)	Client/v168	HousingDecorationRotateRequestHandler	TCP	OPEN_ORACLE:GameServer/packets/Client/168/HousingDecorationRotateRequestHandler.cs	ABSENT	-	-
C2S	0x1A	26	SetMarketPrice	yes	v168 handler loaded for all versions including 1.127 (no inner version gate)	Client/v168	PlayerSetMarketPriceHandler	TCP	OPEN_ORACLE:GameServer/packets/Client/168/PlayerSetMarketPrice.cs	ABSENT	-	-
C2S	0x1C	28	WithDrawMerchantMoney	yes	v168 handler loaded for all versions including 1.127 (no inner version gate)	Client/v168	PlayerWithdrawMerchantMoney	TCP	OPEN_ORACLE:GameServer/packets/Client/168/PlayerWithdrawMerchantMoney.cs	ABSENT	-	-
C2S	0x37	55	ClientCrash	yes	v168 handler loaded for all versions including 1.127 (no inner version gate)	Client/v168	ClientCrashPacketHandler	TCP	OPEN_ORACLE:GameServer/packets/Client/168/ClientCrashPacketHandler.cs	CODED	-	malformed path may Disconnect
C2S	0x40	64	QuestRewardChosen	yes	v168 handler loaded for all versions including 1.127 (no inner version gate)	Client/v168	QuestRewardChosenHandler	TCP	OPEN_ORACLE:GameServer/packets/Client/168/QuestRewardChosenHandler.cs	TYPED_ENCODE	-	-
C2S	0x48	72	ShowWarmapRequest	yes	v168 handler; inner gates mention 190	Client/v168	WarmapShowRequestHandler	TCP	OPEN_ORACLE:GameServer/packets/Client/168/warmapshowrequesthandler.cs	ABSENT	-	-
C2S	0x4C	76	MinotaurRelicWindow	yes	v168 handler loaded for all versions including 1.127 (no inner version gate)	Client/v168	MinotaurRelicWindowHandler	TCP	OPEN_ORACLE:GameServer/packets/Client/168/MinotaurRelicWindowHandler.cs	ABSENT	-	-
C2S	0x4F	79	RemoveQuestRequest	yes	v168 handler loaded for all versions including 1.127 (no inner version gate)	Client/v168	QuestRemoveRequestHandler	TCP	OPEN_ORACLE:GameServer/packets/Client/168/QuestRemoveRequestHandler.cs	TYPED_ENCODE	-	-
C2S	0x53	83	TrainHandler	yes	v168 handler loaded for all versions including 1.127 (no inner version gate)	Client/v168	PlayerTrainHandler	TCP	OPEN_ORACLE:GameServer/packets/Client/168/PlayerTrainRequestHandler.cs	ABSENT	-	-
C2S	0x64	100	BuyHookPoint	yes	v168 handler loaded for all versions including 1.127 (no inner version gate)	Client/v168	BuyHookPointHandler	TCP	OPEN_ORACLE:GameServer/packets/Client/168/BuyHookPointHandler.cs	ABSENT	-	-
C2S	0x66	102	WarmapBonusRequest	yes	v168 handler loaded for all versions including 1.127 (no inner version gate)	Client/v168	WarmapBonusesRequestHandler	TCP	OPEN_ORACLE:GameServer/packets/Client/168/warmapbonusesrequesthandler.cs	ABSENT	-	-
C2S	0x6F	111	KeepComponentInteract	yes	v168 handler loaded for all versions including 1.127 (no inner version gate)	Client/v168	KeepComponentInteractHandler	TCP	OPEN_ORACLE:GameServer/packets/Client/168/KeepComponentInteractHandler.cs	ABSENT	-	-
C2S	0x71	113	UseSlot	yes	v168 handler; inner gates mention 1124	Client/v168	UseSlotHandler	TCP	OPEN_ORACLE:GameServer/packets/Client/168/UseSlotHandler.cs	TYPED_ENCODE	-	-
C2S	0x74	116	PlayerAttackRequest	yes	v168 handler loaded for all versions including 1.127 (no inner version gate)	Client/v168	PlayerAttackRequestHandler	TCP	OPEN_ORACLE:GameServer/packets/Client/168/PlayerAttackRequestHandler.cs	TYPED_ENCODE	-	-
C2S	0x76	118	RemoveConcentrationEffect	yes	v168 handler loaded for all versions including 1.127 (no inner version gate)	Client/v168	RemoveConcentrationEffectHandler	TCP	OPEN_ORACLE:GameServer/packets/Client/168/RemoveConcentrationEffectHandler.cs	TYPED_ENCODE	-	-
C2S	0x78	120	BuyRequest	yes	v168 handler loaded for all versions including 1.127 (no inner version gate)	Client/v168	PlayerBuyRequestHandler	TCP	OPEN_ORACLE:GameServer/packets/Client/168/PlayerBuyRequestHandler.cs	TYPED_ENCODE	-	-
C2S	0x79	121	SellRequest	yes	v168 handler loaded for all versions including 1.127 (no inner version gate)	Client/v168	PlayerSellRequestHandler	TCP	OPEN_ORACLE:GameServer/packets/Client/168/PlayerSellRequestHandler.cs	TYPED_ENCODE	-	-
C2S	0x7A	122	ObjectInteractRequest	yes	v168 handler loaded for all versions including 1.127 (no inner version gate)	Client/v168	ObjectInteractRequestHandler	TCP	OPEN_ORACLE:GameServer/packets/Client/168/ObjectInteractRequestHandler.cs	TYPED_ENCODE	-	-
C2S	0x7B	123	TrainWindowHandler	yes	v168 handler loaded for all versions including 1.127 (no inner version gate)	Client/v168	PlayerTrainWindowHandler	TCP	OPEN_ORACLE:GameServer/packets/Client/168/PlayerTrainRequestHandler.cs	TYPED_ENCODE	-	-
C2S	0x7C	124	TrainRequest	yes	v168 handler loaded for all versions including 1.127 (no inner version gate)	Client/v168	PlayerTrainRequestHandler	TCP	OPEN_ORACLE:GameServer/packets/Client/168/PlayerTrainRequestHandler.cs	TYPED_ENCODE	-	-
C2S	0x7D	125	UseSpell	yes	v168 handler; inner gates mention 1124,171	Client/v168	UseSpellHandler	TCP	OPEN_ORACLE:GameServer/packets/Client/168/UseSpellHandler.cs	CODED	-	-
C2S	0x80	128	DestroyItemRequest	yes	v168 handler loaded for all versions including 1.127 (no inner version gate)	Client/v168	DestroyItemRequestHandler	TCP	OPEN_ORACLE:GameServer/packets/Client/168/DestroyItemRequestHandler.cs	TYPED_ENCODE	-	unread Skip() fields are not 1.127 contract unless an external peer depends on them
C2S	0x82	130	DialogResponse	yes	v168 handler loaded for all versions including 1.127 (no inner version gate)	Client/v168	DialogResponseHandler	TCP	OPEN_ORACLE:GameServer/packets/Client/168/DialogResponseHandler.cs	TYPED_ENCODE	-	-
C2S	0x84	132	LookingForGroupFlag	yes	v168 handler loaded for all versions including 1.127 (no inner version gate)	Client/v168	LookingForAGroupFlagHandler	TCP	OPEN_ORACLE:GameServer/packets/Client/168/LookingForAGroupFlagHandler.cs	ABSENT	-	-
C2S	0x85	133	LookingForGroup	yes	v168 handler loaded for all versions including 1.127 (no inner version gate)	Client/v168	LookingForAGroupHandler	TCP	OPEN_ORACLE:GameServer/packets/Client/168/LookingForAGroupHandler.cs	ABSENT	-	-
C2S	0x87	135	InviteToGroup	yes	v168 handler loaded for all versions including 1.127 (no inner version gate)	Client/v168	InviteToGroupHandler	TCP	OPEN_ORACLE:GameServer/packets/Client/168/InviteToGroupHandler.cs	TYPED_ENCODE	-	-
C2S	0x8A	138	PetWindow	yes	v168 handler loaded for all versions including 1.127 (no inner version gate)	Client/v168	PetWindowHandler	TCP	OPEN_ORACLE:GameServer/packets/Client/168/PetWindowHandler.cs	CODED	-	-
C2S	0x90	144	PlayerRegionChangeRequest	yes	v168 handler; inner gates mention 1126	Client/v168	PlayerRegionChangeRequestHandler	TCP	OPEN_ORACLE:GameServer/packets/Client/168/RegionChangeRequestHandler.cs	CODED	-	-
C2S	0x99	153	DoorRequest	yes	v168 handler loaded for all versions including 1.127 (no inner version gate)	Client/v168	DoorRequestHandler	TCP	OPEN_ORACLE:GameServer/packets/Client/168/DoorRequestHandler.cs	TYPED_ENCODE	-	-
C2S	0x9D	157	RegionListRequest	yes	v168 handler loaded for all versions including 1.127 (no inner version gate)	Client/v168	RegionListRequestHandler	TCP	OPEN_ORACLE:GameServer/packets/Client/168/RegionListRequestHandler.cs	TYPED_ENCODE	-	-
C2S	0x9F	159	DisbandFromGroup	yes	v168 handler loaded for all versions including 1.127 (no inner version gate)	Client/v168	DisbandFromGroupHandler	TCP	OPEN_ORACLE:GameServer/packets/Client/168/DisbandFromGroupHandler.cs	TYPED_ENCODE	-	-
C2S	0xA3	163	PingRequest	yes	v168 handler loaded for all versions including 1.127 (no inner version gate)	Client/v168	PingRequestHandler	TCP	OPEN_ORACLE:GameServer/packets/Client/168/PingRequestHandler.cs	TYPED_ENCODE	-	unread Skip() fields are not 1.127 contract unless an external peer depends on them
C2S	0xA5	165	ObjectUpdateRequest	yes	v168 handler loaded for all versions including 1.127 (no inner version gate)	Client/v168	ObjectUpdateRequestHandler	TCP	OPEN_ORACLE:GameServer/packets/Client/168/ObjectUpdateRequestHandler.cs	TYPED_ENCODE	-	-
C2S	0xA7	167	LoginRequest	yes	v168 handler; inner gates mention 1126,1124,1115,173,171	Client/v168	LoginRequestHandler	TCP	OPEN_ORACLE:GameServer/packets/Client/168/LoginRequestHandler.cs	TYPED_ENCODE	-	malformed path may Disconnect; unread Skip() fields are not 1.127 contract unless an external peer depends on them
C2S	0xA9	169	PositionUpdate	yes	v168 handler; inner gates mention 1127,1124,1112,190,188	Client/v168	PlayerPositionUpdateHandler	TCP	OPEN_ORACLE:GameServer/packets/Client/168/PlayerPositionUpdateHandler.cs	TYPED_ENCODE	-	malformed path may Disconnect; unread Skip() fields are not 1.127 contract unless an external peer depends on them
C2S	0xAF	175	CommandHandler	yes	v168 handler; inner gates mention 1127	Client/v168	PlayerCommandHandler	TCP	OPEN_ORACLE:GameServer/packets/Client/168/PlayerCommandHandler.cs	TYPED_ENCODE	-	unread Skip() fields are not 1.127 contract unless an external peer depends on them
C2S	0xB0	176	PlayerTarget	yes	v168 handler loaded for all versions including 1.127 (no inner version gate)	Client/v168	PlayerTargetHandler	TCP	OPEN_ORACLE:GameServer/packets/Client/168/PlayerTargetHandler.cs	TYPED_ENCODE	-	-
C2S	0xB5	181	PickUpRequest	yes	v168 handler loaded for all versions including 1.127 (no inner version gate)	Client/v168	PlayerPickUpRequestHandler	TCP	OPEN_ORACLE:GameServer/packets/Client/168/PlayerPickUpRequestHandler.cs	TYPED_ENCODE	-	-
C2S	0xBA	186	PlayerHeadingUpdate	yes	v168 handler; inner gates mention 1127,1124	Client/v168	PlayerHeadingUpdateHandler	TCP	OPEN_ORACLE:GameServer/packets/Client/168/PlayerHeadingUpdateHandler.cs	CODED	-	-
C2S	0xBB	187	UseSkill	yes	v168 handler; inner gates mention 1124	Client/v168	UseSkillHandler	TCP	OPEN_ORACLE:GameServer/packets/Client/168/UseSkillHandler.cs	TYPED_ENCODE	-	-
C2S	0xBE	190	CreateNPCRequest	yes	v168 handler; inner gates mention 1126	Client/v168	NPCCreationRequestHandler	TCP	OPEN_ORACLE:GameServer/packets/Client/168/NPCCreationRequestHandler.cs	TYPED_ENCODE	-	-
C2S	0xBF	191	GameOpenRequest	yes	v168 handler loaded for all versions including 1.127 (no inner version gate)	Client/v168	GameOpenRequestHandler	TCP	OPEN_ORACLE:GameServer/packets/Client/168/GameOpenRequestHandler.cs	TYPED_ENCODE	-	-
C2S	0xC0	192	CharacterDeleteRequest	yes	v168 handler loaded for all versions including 1.127 (no inner version gate)	Client/v168	CharacterDeleteRequestHandler	TCP	OPEN_ORACLE:GameServer/packets/Client/168/CharacterDeleteRequestHandler.cs	CODED	-	-
C2S	0xC2	194	literal_0xC2	yes	v168 handler loaded for all versions including 1.127 (no inner version gate)	Client/v168	BadNameCheckRequestHandler	TCP	OPEN_ORACLE:GameServer/packets/Client/168/BadNameCheckRequestHandler.cs	TYPED_ENCODE	-	-
C2S	0xC7	199	PlayerSitRequest	yes	v168 handler loaded for all versions including 1.127 (no inner version gate)	Client/v168	PlayerSitRequestHandler	TCP	OPEN_ORACLE:GameServer/packets/Client/168/PlayerSitRequest.cs	TYPED_ENCODE	-	-
C2S	0xC8	200	PlayerDismountRequest	yes	v168 handler loaded for all versions including 1.127 (no inner version gate)	Client/v168	PlayerDismountRequestHandler	TCP	OPEN_ORACLE:GameServer/packets/Client/168/PlayerDismountRequestHandler.cs	TYPED_ENCODE	-	-
C2S	0xCA	202	BonusesListRequest	yes	v168 handler loaded for all versions including 1.127 (no inner version gate)	Client/v168	PlayerBonusesListRequestHandler	TCP	OPEN_ORACLE:GameServer/packets/Client/168/PlayerBonusesListRequestHandler.cs	ABSENT	-	-
C2S	0xCB	203	DuplicateNameCheck	yes	v168 handler; inner gates mention 1126	Client/v168	DupNameCheckRequestHandler	TCP	OPEN_ORACLE:GameServer/packets/Client/168/DuplicateNameCheckRequestHandler.cs	TYPED_ENCODE	-	-
C2S	0xD0	208	CheckLOSRequest	yes	v168 handler loaded for all versions including 1.127 (no inner version gate)	Client/v168	CheckLOSResponseHandler	TCP	OPEN_ORACLE:GameServer/packets/Client/168/checklosrequesthandler.cs	TYPED_ENCODE	-	-
C2S	0xD4	212	WorldInitRequest	yes	v168 handler loaded for all versions including 1.127 (no inner version gate)	Client/v168	WorldInitRequestHandler	TCP	OPEN_ORACLE:GameServer/packets/Client/168/WorldInitRequestHandler.cs	TYPED_ENCODE	-	malformed path may Disconnect
C2S	0xD5	213	CreatePlayerRequest	yes	v168 handler; inner gates mention 1126	Client/v168	PlayerCreationRequestHandler	TCP	OPEN_ORACLE:GameServer/packets/Client/168/PlayerCreationRequestHandler.cs	TYPED_ENCODE	-	malformed path may Disconnect
C2S	0xD8	216	DetailRequest	yes	v168 handler loaded for all versions including 1.127 (no inner version gate)	Client/v168	DetailDisplayHandler	TCP	OPEN_ORACLE:GameServer/packets/Client/168/DetailDisplayHandler.cs	TYPED_ENCODE	-	-
C2S	0xDD	221	PlayerMoveItem	yes	v168 handler; inner gates mention 178	Client/v168	PlayerMoveItemRequestHandler	TCP	OPEN_ORACLE:GameServer/packets/Client/168/PlayerMoveItemRequestHandler.cs	TYPED_ENCODE	-	-
C2S	0xE0	224	PlayerAppraiseItemRequest	yes	v168 handler loaded for all versions including 1.127 (no inner version gate)	Client/v168	PlayerAppraiseItemRequestHandler	TCP	OPEN_ORACLE:GameServer/packets/Client/168/PlayerAppraiseItemRequestHandler.cs	TYPED_ENCODE	-	-
C2S	0xE2	226	EmblemDialogResponse	yes	v168 handler loaded for all versions including 1.127 (no inner version gate)	Client/v168	EmblemDialogReponseHandler	TCP	OPEN_ORACLE:GameServer/packets/Client/168/EmblemDialogReponseHandler.cs	ABSENT	-	-
C2S	0xE4	228	ShipHookPoint	yes	v168 handler loaded for all versions including 1.127 (no inner version gate)	Client/v168	ShipHookpointInteractHandler	TCP	OPEN_ORACLE:GameServer/packets/Client/168/ShipHookpointInteract.cs	ABSENT	-	-
C2S	0xE8	232	PlayerInitRequest	yes	v168 handler loaded for all versions including 1.127 (no inner version gate)	Client/v168	PlayerInitRequestHandler	TCP	OPEN_ORACLE:GameServer/packets/Client/168/PlayerInitRequestHandler.cs	TYPED_ENCODE	-	-
C2S	0xEB	235	ModifyTrade	yes	v168 handler loaded for all versions including 1.127 (no inner version gate)	Client/v168	PlayerModifyTradeHandler	TCP	OPEN_ORACLE:GameServer/packets/Client/168/PlayerModifyTradeHandler.cs	TYPED_ENCODE	-	-
C2S	0xEC	236	PlayerGroundTarget	yes	v168 handler loaded for all versions including 1.127 (no inner version gate)	Client/v168	PlayerGroundTargetHandler	TCP	OPEN_ORACLE:GameServer/packets/Client/168/PlayerGroundTargetHandler.cs	TYPED_ENCODE	-	-
C2S	0xED	237	CraftRequest	yes	v168 handler loaded for all versions including 1.127 (no inner version gate)	Client/v168	MakeProductHandler	TCP	OPEN_ORACLE:GameServer/packets/Client/168/MakeProductHandler.cs	TYPED_ENCODE	-	-
C2S	0xF2	242	UDPPingRequest	yes	v168 handler; inner gates mention 1124	Client/v168	UDPPingRequestHandler	UDP	OPEN_ORACLE:GameServer/packets/Client/168/UDPPingRequestHandler.cs	TYPED_ENCODE	-	-
C2S	0xF4	244	CryptKeyRequest	yes	v168 handler; inner gates mention 1115	Client/v168	CryptKeyRequestHandler	TCP	OPEN_ORACLE:GameServer/packets/Client/168/CryptKeyRequestHandler.cs	TYPED_ENCODE	-	unread Skip() fields are not 1.127 contract unless an external peer depends on them
C2S	0xF5	245	SiegeCommandRequest	yes	v168 handler loaded for all versions including 1.127 (no inner version gate)	Client/v168	SiegeWeaponActionHandler	TCP	OPEN_ORACLE:GameServer/packets/Client/168/SiegeWeaponActionHandler.cs	TYPED_ENCODE	-	-
C2S	0xF8	248	PlayerCancelsEffect	yes	v168 handler; inner gates mention 1109	Client/v168	PlayerCancelsEffectHandler	TCP	OPEN_ORACLE:GameServer/packets/Client/168/PlayerCancelsEffectHandler.cs	TYPED_ENCODE	-	-
C2S	0xFC	252	CharacterOverviewRequest	yes	v168 handler; inner gates mention 1124	Client/v168	CharacterOverviewRequestHandler	TCP	OPEN_ORACLE:GameServer/packets/Client/168/CharacterOverviewRequestHandler.cs	TYPED_ENCODE	-	-
C2S	0xFF	255	CharacterCreateRequest	yes	>=1124 → _HandlePacket1124 / CreationCharacterData1124 (Race=b&0x1F, gender bit7); 1126 region byte after equipment. Pre-1124 layout is NOT 1.127 wire.	Client/v168	CharacterCreateRequestHandler	TCP	OPEN_ORACLE:GameServer/packets/Client/168/CharacterCreateRequestHandler.cs	TYPED_ENCODE	-	stale comment above startRaceGender1 describes pre-1124 4bit-race/gender-bit4 layout; 1124+ decoder is Race=b&0x1F gender=(b>>7)&1; malformed/hack path may BanAccount+Disconnect; unread Skip() fields are not 1.127 contract unless an external peer depends on them
